Name,Linkedin,Skills,Education,Experience
"
Bryant Detwiller
",http://www.linkedin.com/pub/bryant-detwiller/1a/855/72b,"
Javascript
Product Marketing
Product Management
Ruby on Rails
Backbone.js
Branding
Business Development
Financial Analysis
Marketing Strategy
iOS Development
",Wharton School,"Founder

 



Employee

Google, 
Vine



Investor

 



Syndicator

 



Incubator

 



Advisor

 



Attorney

 



Board Member

 



Mentor

 



Member

 



Acquired

 



Customer

 "
"
Thor Muller
",http://www.linkedin.com/in/thormuller,"
Product Development
Javascript
Software Development
Ruby on Rails
PHP
Content Creation
HTML5 & CSS3
Agile Product Development
Rapid Prototyping
",University of Iowa,"Founder

Get Satisfaction, 
Original, 
Rubyred Labs



Employee

Frog Design



Investor

 



Syndicator

 



Incubator

 



Advisor

Get Satisfaction, 
Byliner, 
WishPlz



Attorney

 



Board Member

 



Mentor

 



Member

 



Acquired

 



Customer

 "
"
Amit Matani
",https://www.linkedin.com/pub/amit-matani/2/220/148,"
iOS Development
Python
PHP
Javascript
Browser Extensions
Ruby on Rails
Server Deployment & Management
Amazon Web Services
UX
C
Java
Redis
MySQL
Flask
Ruby
Backbone.js
Bower
",University Of Californ...,"Founder

Lookmark, 
Miraphonic



Employee

AngelList, 
Ngmoco, 
HOT or NOT, 
instapaper, 
Movaris



Investor

 



Syndicator

 



Incubator

 



Advisor

 



Attorney

 



Board Member

 



Mentor

 



Member

 



Acquired

 



Customer

 "
"
Josh Weinstein
",http://www.linkedin.com/in/joshrweinstein,"
Chess
Mandarin Chinese Proficiency
Networking
New Ideas
Press Outreach
Product Development
User Experience Design
Blogging
Ruby on Rails
Backbone.js
jQuery
HTML/CSS/PHP/MYSQL
Node.js
Bloomberg
Business Development
HTML
Management
Product Management
Video
",Princeton University,"Founder

YouAreTV, 
Goodcrush



Employee

 



Investor

 



Syndicator

 



Incubator

 



Advisor

Chesscademy



Attorney

 



Board Member

 



Mentor

Founder Institute



Member

 



Acquired

 



Customer

 "
"
Jhony Fung
",http://www.linkedin.com/in/jhonyfung,"
Ruby on Rails
Java
Android
Amazon Web Services
Backbone.js
MongoDB
Javascript
PHP
Symfony
HTML5 & CSS3
Git
SQL
Nginx
",Cornell University,"Founder

Reclip.It, 
CityPockets



Employee

IBM



Investor

 



Syndicator

 



Incubator

 



Advisor

 



Attorney

 



Board Member

 



Mentor

 



Member

 



Acquired

 



Customer

 "
"
Eric Cantor
",http://www.linkedin.com/in/ecantor,"
Product Marketing
Ruby on Rails
Executive Management
HR Management
",Emory University,"Founder

Applab, 
Internet Interstate, 
BuyDomains.com (NameMedia)



Employee

Acumen Fund, 
Verio/NTT, 
Grameen Foundation



Investor

 



Syndicator

 



Incubator

 



Advisor

Farm Hill, 
StoryDesk, 
Karta, 
M-Changa



Attorney

 



Board Member

Decisive



Mentor

 



Member

 



Acquired

 



Customer

 "
"
Eliran Sapir
",http://www.linkedin.com/in/eliransapir,"
Mobile Application Design
Product Development
Product Marketing
Venture Capital
Fundraising
Ruby on Rails
Node.js
PHP
Python
",Boston University,"Founder

Apptopia, 
Dispatch, 
Gpush, 
Tiverias Apps



Employee

GreatPoint Energy, 
Oasys Water, 
Dvtel



Investor

 



Syndicator

 



Incubator

 



Advisor

Expansion Venture Capital, 
Metadata, 
appScatter



Attorney

 



Board Member

Apptopia



Mentor

 



Member

 



Acquired

 



Customer

 "
"
Kenn R
",http://www.linkedin.com/in/kennrodriguez/,"
Objective C
Python
Audio Engineering
Audio Technology
iOS Development
Automated Software Testing
QA
Automation
CSS
Debugging
HTML
Javascript
Ruby on Rails
Microsoft Windows
Networking
",Berklee College of Mus...,"Founder

 



Employee

Apple, 
Gobbler, 
EMI Music, 
Native Instruments North America, 
Capitol Records, 
Avid, 
Double Encore, 
Line 6, 
Propellerhead



Investor

 



Syndicator

 



Incubator

 



Advisor

 



Attorney

 



Board Member

 



Mentor

 



Member

 



Acquired

 



Customer

 "
"
Alec Hartman
",http://www.linkedin.com/in/alechartman,"
Ruby on Rails
CEO
",Emory University,"Founder

DigitalOcean, 
TechDay Events



Employee

 



Investor

 



Syndicator

 



Incubator

 



Advisor

DevWorks Lab, 
Wavicle



Attorney

 



Board Member

 



Mentor

 



Member

 



Acquired

 



Customer

 "
"
Michael Zhang
",http://www.linkedin.com/in/mztwo,"
User Experience Design
Product Management
Apparel Manufacturing
Supply Chain Management
Analytics & Reporting
Finance
Ruby on Rails
",Princeton University,"Founder

Trumaker



Employee

Recyclebank



Investor

 



Syndicator

 



Incubator

 



Advisor

 



Attorney

 



Board Member

 



Mentor

 



Member

 



Acquired

 



Customer

 "
"
Chris Grant
",https://www.linkedin.com/in/chrismgrant,"
Adobe Photoshop
Adobe Illustrator
Adobe Flash
Javascript
Ruby on Rails
Angular.JS
SQL
Web Design
Web Development
Agile Project Management
Rapid Iteration
Rapid Prototyping
Paper Prototyping
Wireframing
Sketching
Photography
Adobe Lightroom
Adobe Creative Suite
A/B Testing
User Experience Design
Human Computer Interaction
Human Centered Design
User Research
",Carnegie Mellon Univer...,"Founder

 



Employee

GrubHub, 
Square, 
Lyft, 
Jawbone, 
8tracks, 
MAYA Design



Investor

 



Syndicator

 



Incubator

 



Advisor

 



Attorney

 



Board Member

 



Mentor

 



Member

 



Acquired

 



Customer

 "
"
Rodrigo Fuentes
",http://www.linkedin.com/in/jrodrigofuentes,"
Sales and Marketing
Adobe Illustrator
Adobe Photoshop
Customer Development
Product Development
Product Management
Paid Search Advertising
Analytics & Reporting
Logistics
Ruby on Rails
CSS
HTML
Heroku
",Yale University,"Founder

ListenLoop, 
Dejamor, 
callTrackingFox, 
KIUBOshop



Employee

callTrackingFox, 
KIUBOshop, 
IBM Research, 
Fish & Richardson



Investor

 



Syndicator

 



Incubator

 



Advisor

 



Attorney

 



Board Member

ListenLoop



Mentor

 



Member

 



Acquired

 



Customer

Snapcard"
"
Benjamin Shyong
",http://www.linkedin.com/in/benshyong,"
Ruby
Javascript
Java
CSS
PHP
MySQL
Consumer Internet
Finance
Internet Marketing
Mandarin Chinese Proficiency
Behavioral Psychology
Consumer Behavior
Product Strategy
Human Resources
User Experience Design
Finance
Ruby on Rails
Scala
R
Sales/Marketing and Strategic Partnerships
Chemistry
Competitive Analysis
Consulting
Due Diligence
Forecasting
Information Technology
Infrastructure
Management
MBA
Pharmaceutical
Private Equity
Product Development
Purchasing
Research
Software Development
Supply Chain Management
Wireless
",University of Pennsylv...,"Founder

Meddik, 
Boba Bros



Employee

Assembly, 
Self-Employed, 
The Wharton School, 
National Tsing Hua University, 
Ministry of Education, Taiwan



Investor

 



Syndicator

 



Incubator

 



Advisor

Promotious, 
Medko



Attorney

 



Board Member

 



Mentor

 



Member

 



Acquired

 



Customer

 "
"
Dave Zohrob
",http://www.linkedin.com/in/dzohrob,"
Ruby
iPhone / iPad Development
Linux
User Experience Design
Product Development
PHP
Python
iOS Development
CSS
Javascript
jQuery
MySQL
Objective-C
Ruby on Rails
Software Design
Haml
Android
",University of Michigan...,"Founder

Lookmark, 
Soy Division, 
Megatasty



Employee

Microsoft, 
AngelList, 
HOT or NOT



Investor

 



Syndicator

 



Incubator

 



Advisor

 



Attorney

 



Board Member

 



Mentor

 



Member

 



Acquired

 



Customer

 "
"
Aleksandr Yampolskiy
",http://www.linkedin.com/in/ayampolskiy,"
Scalability
Information Security
Executive Management
Recruiting
Ruby on Rails
Java
.NET
Web Development
Advertising
Audio Recording
Video
Mobile
Business Strategy
",Yale University,"Founder

Security Scorecard



Employee

Goldman Sachs, 
Microsoft, 
Gilt Groupe, 
Oracle, 
Cinchcast



Investor

 



Syndicator

 



Incubator

 



Advisor

Cinchcast, 
Acceleprise



Attorney

 



Board Member

 



Mentor

 



Member

 



Acquired

 



Customer

 "
"
Scott Carleton
",http://www.linkedin.com/in/scotterc,"
Full Stack
Ruby on Rails
MySQL
Javascript
Go
Amazon Web Services
",Carnegie Mellon Univer...,"Founder

Artsicle



Employee

Artsicle, 
TeachersPayTeachers



Investor

 



Syndicator

 



Incubator

 



Advisor

 



Attorney

 



Board Member

 



Mentor

 



Member

 



Acquired

 



Customer

 "
"
Andrew Dumont
",http://www.linkedin.com/in/andrewdumont,"
Business Development
MySQL
Monetization
Corporate Development
Growth Hacking
SEO/SEM
PPC
Content Marketing
Strategic Partnerships
Distribution Partnerships
Ruby on Rails
HTML5 & CSS3
Product Development
SaaS
User Acquisition
",Stanford University,"Founder

Stride



Employee

Betaworks, 
Seesmic, 
Moz, 
Tatango



Investor

 



Syndicator

 



Incubator

 



Advisor

Techstars, 
Advise.me



Attorney

 



Board Member

 



Mentor

 



Member

 



Acquired

 



Customer

 "
"
Ryan Bowermaster
",http://www.linkedin.com/in/rbowermaster,"
Agile Project Management
Agile Product Development
Offshore Management
JSON
Ruby on Rails
MongoDB
HTML5 & CSS3
PMO
Portfolio Mgmt
Operations Management
Javascript
Twitter Bootstrap
Rapid Prototyping
Iterative Product Development
Mobile Application Design
Digital Media
Research and Development
User Interface Design
User Experience Design
Project Management Professional (PMP)
","","Founder

MediaBEWM



Employee

Mode Media, 
Idealab, 
Yahoo, 
Beanstock Media, 
Vibrant Media



Investor

 



Syndicator

 



Incubator

 



Advisor

 



Attorney

 



Board Member

 



Mentor

 



Member

 



Acquired

 



Customer

 "
"
Michael Horn
",http://www.linkedin.com/in/michaeldhorn,"
Product Management
Ruby on Rails
HTML
CSS
Product Marketing
Business Development
Coffee
",Cornell University,"Founder

Craft Coffee



Employee

 



Investor

 



Syndicator

 



Incubator

 



Advisor

 



Attorney

 



Board Member

 



Mentor

 



Member

 



Acquired

 



Customer

 "
"
Nora Apsel
",http://www.linkedin.com/in/noraapsel,"
Python
Java
Flask
MongoDB
MySQL
HTML
CSS
LAMP
Javascript
Backbone.js
Underscore.js
Twitter Bootstrap
Jinja
Amazon Web Services
Amazon EC2
Amazon S3
Apache
Linux
OAuth APIs
APIs
jQuery
Wordpress
Struts
SCSS/Sass
Photoshop
Ruby on Rails
Ruby
Responsive Design
Heroku
PostgreSQL
Git
Github
Django
",University of Pennsylv...,"Founder

Daily Boards



Employee

Meetup, 
Flurry, 
Easy Pairings



Investor

 



Syndicator

 



Incubator

 



Advisor

 



Attorney

 



Board Member

 



Mentor

 



Member

 



Acquired

 



Customer

 "
"
Seánan McCullough
",http://www.linkedin.com/in/seamoss,"
Coding
APIs
PHP
jQuery
Back-End
Technical Leadership
Database and Systems Design
Facebook API
Twitter API
HTML
CSS
iOS Development
RESTful Services
AngularJS
Node.js
HTML5 & CSS3
Javascript
SCRUM
Unix Administration
Linux
Linux System Administration
Full-Stack Web Development
Cloud Computing
MongoDB
MySQL
PostgreSQL
Redis
Jenkins
docker
Travis Ci
Scala
Scalable Systems
Distributed Systems
Ruby on Rails
Ruby\Rails
Ember.js
Backbone.js
Python
","","Founder

LaunchRock, 
Ping.fm, 
Appsites



Employee

Audiodraft, 
Social Print Studio



Investor

 



Syndicator

 



Incubator

 



Advisor

jobFig, 
Playmysong



Attorney

 



Board Member

 



Mentor

 



Member

 



Acquired

 



Customer

 "
"
Graham Siener
",http://linkedin.com/in/gsiener,"
Product Management
Backend Development
Ruby on Rails
Data Analysis
Agile Project Management
Analytics & Reporting
Business Development
Lean Software Development
",Brown University,"Founder

Profitably



Employee

Pivotal Labs, 
C3, 
Efficiency 2.0



Investor

 



Syndicator

 



Incubator

 



Advisor

 



Attorney

 



Board Member

 



Mentor

 



Member

 



Acquired

 



Customer

 "
"
Richard Tong
",http://www.linkedin.com/in/richtong,"
HTML+CSS
Ruby on Rails
Github
Photoshop
Illustrator
InDesign
",Cornell University,"Founder

Weardrobe, 
Fohr Card



Employee

Tumblr, 
Chanel



Investor

 



Syndicator

 



Incubator

 



Advisor

 



Attorney

 



Board Member

 



Mentor

 



Member

 



Acquired

 



Customer

 "
"
Alex Silva
",http://www.linkedin.com/in/alexgabesilva,"
Java
Ruby
Ruby on Rails
MySQL
Objective C
Clojure
Spring Framework
",Columbia University,"Founder

alexsilvamusic.com



Employee

Work Market, 
New Amsterdam Records, 
Champion Learning Center, 
Bargemusic



Investor

 



Syndicator

 



Incubator

 



Advisor

 



Attorney

 



Board Member

 



Mentor

 



Member

 



Acquired

 



Customer

 "
"
Christopher Lee
",https://www.linkedin.com/in/akachrislee,"
Ruby on Rails
Ruby
Javascript
MySQL
PHP
Git
Nginx
Product Management
",Carnegie Mellon Univer...,"Founder

CoPromote



Employee

CoPromote, 
Selectable Media, 
Nabbr.com



Investor

 



Syndicator

 



Incubator

 



Advisor

 



Attorney

 



Board Member

CoPromote



Mentor

 



Member

 



Acquired

 



Customer

 "
"
Pax Bhati
",http://www.linkedin.com/in/paxbhati/en,"
Ruby on Rails
PHP
HTML/CSS/PHP/MYSQL
Product Development
Product Management
Project Management
Financial Risk Management
Due Diligence
",New York University,"Founder

 



Employee

J.P. Morgan



Investor

 



Syndicator

 



Incubator

 



Advisor

 



Attorney

 



Board Member

 



Mentor

 



Member

 



Acquired

 



Customer

 "
"
Sasha Katsnelson
",http://www.linkedin.com/in/sashakatsnelson,"
Analytics & Reporting
Data Analysis
Financial Modeling
Finance
Product Management
Ruby on Rails
",Columbia University,"Founder

ToVide



Employee

Associated Content, 
Yahoo, 
Mitchell Madison Group



Investor

 



Syndicator

 



Incubator

 



Advisor

 



Attorney

 



Board Member

 



Mentor

 



Member

 



Acquired

 



Customer

 "
"
Bora Celik
",http://www.linkedin.com/profile/view?id=2336696,"
Agile Product Development
Agile and Lean Startups
Ruby on Rails
iOS Development
Web Application Development
Objective C
Technical Leadership
Cross-Functional Team Leadership
Product Management
User Experience Design
Rubymotion
",Boston University,"Founder

Jukely, 
BoraMusic Presents



Employee

Bold, 
Northzone, 
CIGNA, 
ING, 
Publishers Clearing House



Investor

 



Syndicator

 



Incubator

 



Advisor

 



Attorney

 



Board Member

 



Mentor

 



Member

 



Acquired

 



Customer

 "
"
Anthony Erlinger
",http://www.linkedin.com/pub/anthony-erlinger/51/682/617,"
Ruby on Rails
Node.js
Rspec
Amazon EC2
Embedded Systems
CUDA
Mapreduce
Python
Javascript
Arduino
",Columbia University '12,"Founder

Homespree



Employee

Handy, 
Just Sing It, 
Columbia University, 
Legal Hero



Investor

 



Syndicator

 



Incubator

 



Advisor

Method Mill, 
GiveGetGigs



Attorney

 



Board Member

 



Mentor

 



Member

 



Acquired

 



Customer

 "
"
Shawn Oakley
",http://www.linkedin.com/pub/shawn-oakley/45/b01/157,"
Javascript
Ruby
Ruby on Rails
Python
Backbone.js
HTML
CSS
jQuery
Test Driven Development
Pair Programming
HTML5 & CSS3
Underscore.js
IP Licensing
Technology Licensing
Data Privacy
Online Privacy
",Brown University '05,"Founder

 



Employee

CMP.LY, 
Paul Hastings Janofsky &amp; Walker, 
Morrison &amp; Foerster



Investor

 



Syndicator

 



Incubator

 



Advisor

 



Attorney

 



Board Member

 



Mentor

 



Member

 



Acquired

 



Customer

 "
"
Tarik Ansari
",http://www.linkedin.com/in/tarikansari,"
Product Development
User Experience Design
Technology
Team Building
Business Strategy
Amazon Web Services
Architect
Bilingual
C
Css3
HTML
Integrity
Javascript
LaTeX
OpenCV
PostgreSQL
Research
Ruby on Rails
Software
Video
",Efrei '07,"Founder

NoteTonProf



Employee

Starting-Up in America (Film), 
AKQA, 
SolutionSet



Investor

 



Syndicator

 



Incubator

 



Advisor

 



Attorney

 



Board Member

 



Mentor

 



Member

 



Acquired

 



Customer

 "
"
Joshua Mullineaux
",http://www.linkedin.com/in/joshmullineaux,"
Product Management
Business Development
Business Strategy
Sales Strategy and Management
Venture Capital
Venture Fundraising
Market Research
Ruby on Rails
HTML5 & CSS3
Data Analysis
Analytics & Reporting
SEO/SEM
SEO/SEM
User Experience Design
User Interface Design
User Research
User Interaction Design
User Interviews
Adobe Creative Suite
",Pacific Lutheran Unive...,"Founder

Highlighter, 
Unique Blog Designs



Employee

Highlighter, 
panOpen, 
JPMorgan Chase



Investor

 



Syndicator

 



Incubator

 



Advisor

 



Attorney

 



Board Member

 



Mentor

 



Member

 



Acquired

 



Customer

 "
"
Adrian M Ryan
",http://www.linkedin.com/in/adrianmryan,"
Product Management
Ruby on Rails
HTML/CSS
Strategic Planning and Budgeting
Writing & Editing
Education Activity Design
Wilderness Survial
",Yale University '10,"Founder

Wheelhouse.io



Employee

General Assembly



Investor

 



Syndicator

 



Incubator

 



Advisor

 



Attorney

 



Board Member

 



Mentor

 



Member

 



Acquired

 



Customer

 "
"
Samantha Radocchia
",http://www.linkedin.com/in/samantharadocchia,"
Javascript
User Experience Design
User Interface Design
SEO/SEM
RESTful Services
Python
Django
Adobe Photoshop
API
CMS
Data Analysis
Ecommerce
Management
MySQL
Product Development
Ruby on Rails
Web Applications
Big Data
Integrity
",Colgate University '11,"Founder

Chronicled, 
Stunable, 
Machine Elf Consulting and Development



Employee

 



Investor

 



Syndicator

 



Incubator

 



Advisor

 



Attorney

 



Board Member

 



Mentor

 



Member

 



Acquired

 



Customer

 "
"
Alex Wheeler
","","
Ruby on Rails
HTML5 & CSS3
Javascript
Java
Angular.JS
Data Structures
CSS
Web Applications
Forecasting
",Boston University '15,"Founder

 



Employee

Devpost, 
CO Everywhere, 
VTS, 
Overheard, 
hackNY



Investor

 



Syndicator

 



Incubator

 



Advisor

 



Attorney

 



Board Member

 



Mentor

 



Member

 



Acquired

 



Customer

 "
"
Felix Fung
",http://ca.linkedin.com/in/fungfelix/,"
C++
Javascript
PHP
Ruby on Rails
Python
",University of Waterloo...,"Founder

 



Employee

Facebook, 
Twitter, 
Microsoft, 
Palantir Technologies, 
Mozilla, 
Vine



Investor

 



Syndicator

 



Incubator

 



Advisor

 



Attorney

 



Board Member

 



Mentor

 



Member

 



Acquired

 



Customer

 "
"
Michael E. Gruen
",http://www.linkedin.com/in/gruen,"
Ruby on Rails
English
Management
Business Finance
Managing and Motivating Teams
",Hamilton College '06,"Founder

 



Employee

Work Market, 
AOL Ventures, 
Morgan Stanley, 
Minimum Viable Fitness



Investor

 



Syndicator

 



Incubator

 



Advisor

Exposure, 
Kpass, 
aRoo



Attorney

 



Board Member

 



Mentor

 



Member

 



Acquired

 



Customer

 "
"
Ryan Osborn
",http://www.linkedin.com/in/ryanosborn,"
Objective C
Ruby on Rails
Object-Oriented Design
Java
PostgreSQL
",University Of Albany '98,"Founder

Kartel



Employee

Recyclebank, 
Flurry, 
Morgan Stanley, 
Nuance, 
Kartel, 
IBM Research, 
Syncsort, 
SignalPatterns



Investor

 



Syndicator

 



Incubator

 



Advisor

 



Attorney

 



Board Member

 



Mentor

 



Member

 



Acquired

 



Customer

 "
"
Alex Cheng
",http://www.linkedin.com/in/xanderwebs,"
Javascript
Coffeescript
Ruby on Rails
Ruby
HTML
CSS
Sass
Git
",Stanford University '12,"Founder

 



Employee

General Assembly, 
Getglue



Investor

 



Syndicator

 



Incubator

 



Advisor

 



Attorney

 



Board Member

 



Mentor

 



Member

 



Acquired

 



Customer

 "
"
Marcus McLaughlin
",http://www.linkedin.com/in/marcusmclaughlin,"
Ruby on Rails
Ruby
Javascript
CSS
HTML
Backbone.js
Python
Django
Java
jQuery
SQL
Heroku
D3.js
Mootools
",Stanford University,"Founder

uVore



Employee

Cloudera, 
Imeem, 
Intuit, 
Roast



Investor

 



Syndicator

 



Incubator

 



Advisor

 



Attorney

 



Board Member

 



Mentor

 



Member

 



Acquired

 



Customer

 "
"
Will Dennis
",http://www.linkedin.com/in/williamldennis,"
Ruby on Rails
CSS
Photoshop
Illustrator
Sales and Marketing
Business Development
Business Strategy
",University of Southern...,"Founder

-, 
hollerback



Employee

Greenstart



Investor

 



Syndicator

 



Incubator

 



Advisor

 



Attorney

 



Board Member

 



Mentor

 



Member

 



Acquired

 



Customer

 "
"
Nikhil Taneja
",http://www.linkedin.com/in/nikhiltaneja1,"
Ruby on Rails
Product Management
Javascript
Data Analysis
Product Development
Product Strategy
",Duke University '11,"Founder

SwiftIntro



Employee

Palantir Technologies, 
Bain & Company



Investor

 



Syndicator

 



Incubator

 



Advisor

 



Attorney

 



Board Member

 



Mentor

 



Member

 



Acquired

 



Customer

 "
"
Preetam Dutta
",https://www.linkedin.com/pub/preetam-dutta/31/16b/a0a,"
C++
HTML
Python
Javascript
Ruby on Rails
iOS Development
Matlab
R
Bloomberg Terminal
",Yale University '14,"Founder

prismXKB, 
NowNear



Employee

 



Investor

 



Syndicator

 



Incubator

 



Advisor

 



Attorney

 



Board Member

NowNear



Mentor

 



Member

 



Acquired

 



Customer

 "
"
Sandy Rich
",http://www.linkedin.com/in/sandyrich,"
Solving Hard Problems
Consultative Selling
Social Media
Product Evangelism
Cloud Evangelist
Finance
Venture Capital
Venture Fundraising
Lean Startups
SEO/SEM
CRM
Public Relations
Pitching
Ruby on Rails
",University of Colorado...,"Founder

 



Employee

Greenspring Associates, 
24/7 Mid-Atlantic Network, 
GRI Fund, L.P., 
Crown Castle International, 
T. Rowe Price Group



Investor

 



Syndicator

 



Incubator

 



Advisor

happinin



Attorney

 



Board Member

 



Mentor

 



Member

 



Acquired

 



Customer

 "
"
Josh Jacobson
",http://www.linkedin.com/in/joshjacobson14,"
Ruby on Rails
Javascript
jQuery
HTML5 & CSS3
Haml
Sass
SQL
Rspec
Cucumber
Jasmine
Git
Photoshop
Logic Pro
C++
Ruby on Rails
",Northwestern Universit...,"Founder

 



Employee

Groupon, 
Shmoop, 
Wedloom



Investor

 



Syndicator

 



Incubator

 



Advisor

 



Attorney

 



Board Member

 



Mentor

 



Member

 



Acquired

 



Customer

 "
"
Barry Peerless
",http://www.linkedin.com/pub/barry-peerless/6/469/139,"
Ruby on Rails
Sencha Touch
Backbone.js
Node.js
Javascript
Ruby
Extjs
Mobile Application Development
AngularJS
PhoneGap/Cordova
React.js
Product Development
",University of Pennsylv...,"Founder

Groundworx Software, 
Peerless Applications



Employee

Blade



Investor

 



Syndicator

 



Incubator

 



Advisor

 



Attorney

 



Board Member

 



Mentor

 



Member

 



Acquired

 



Customer

 "
"
Dani Fankhauser
",http://www.linkedin.com/in/danifankhauser,"
Social Media
User Acquisition
Product Development
Copywriting
Community Management
Strategic Partnerships
User Engagement
Audience Development
Ruby on Rails
Javascript
CSS
HTML
",Northwestern University,"Founder

ReadThisNext



Employee

Flud, 
Mashable, 
Bustle, 
Consultant



Investor

 



Syndicator

 



Incubator

 



Advisor

 



Attorney

 



Board Member

 



Mentor

 



Member

 



Acquired

 



Customer

 "
"
Nicholas Hippenmeyer
",http://www.linkedin.com/pub/nicholas-hippenmeyer/44/270/394,"
Ruby on Rails
Coffeescript
Backbone.js
HTML
CSS
Marionette
Git
Javascript
",Stanford University,"Founder

Quixplore, 
Identafy



Employee

 



Investor

 



Syndicator

 



Incubator

 



Advisor

 



Attorney

 



Board Member

 



Mentor

 



Member

 



Acquired

 



Customer

 "
"
Keith Holjencin
","","
HTML
HTML5 & CSS3
CSS
Sass
Responsive Design
Mobile Application Design
Ruby on Rails
Objective C
Sketching
Wireframes
User Experience Design
User Flows
Branding
Grid Systems
","","Founder

Forrst



Employee

Bark & Co (BarkBox, BarkPost, BarkShop)



Investor

 



Syndicator

 



Incubator

 



Advisor

 



Attorney

 



Board Member

 



Mentor

 



Member

 



Acquired

 



Customer

 "
"
Emil Lee
",http://www.linkedin.com/pub/emil-lee/3/71a/5a,"
Ruby on Rails
Javascript
Design
Business Development
Angular.JS
MySQL/Postgres
",New York University,"Founder

 



Employee

ff Venture Capital, 
Hackers Collective, 
Radius Ventures, 
Post Capital Partners, 
GTNetwork



Investor

 



Syndicator

 



Incubator

 



Advisor

 



Attorney

 



Board Member

 



Mentor

 



Member

 



Acquired

 



Customer

AirPair"
"
Bruno Wu
",http://www.linkedin.com/in/brunowu,"
AJAX
Amazon Web Services
AngularJS
Css3
Data Mining
Due Diligence
Financial Analysis
Github
HTML
Javascript
jQuery
JSON
Metrics
MongoDB
Natural Language Processing
Networking
Numpy
PostgreSQL
Product
Private Equity
Programming
Python
Ruby on Rails
Scipy
Statistics
Data Science
Hadoop
Scala
",University of Pennsylv...,"Founder

 



Employee

Deutsche Bank, 
UBS, 
Euclid Company, 
Sterling Equities, 
Move Inc. (Realtor.com)



Investor

 



Syndicator

 



Incubator

 



Advisor

 



Attorney

 



Board Member

 



Mentor

 



Member

 



Acquired

 



Customer

Zipfian Academy"
"
John Bae
",http://www.linkedin.com/in/johnbae,"
Ruby
MySQL
Ruby on Rails
Javascript
Java
HTML+CSS
PostgreSQL
AngularJS
Haml
Sass
",Columbia University '98,"Founder

 



Employee

Lehman Brothers, 
Goldman Sachs, 
Intent Media, 
Hatch, 
Merrill Lynch, 
Picasso Labs, 
Vindigo, 
Real Girls Media Network, 
Tallan



Investor

 



Syndicator

 



Incubator

 



Advisor

 



Attorney

 



Board Member

 



Mentor

 



Member

 



Acquired

 



Customer

 "
"
Jeff Tompkins
",http://www.linkedin.com/in/jeffwtompkins,"
Social Media Marketing
Social Strategy
Sales and Marketing
Product Development
Ruby on Rails
Full-Stack Web Development
Wealth Management
FinTech
Financial Services
",Cornell University,"Founder

advisorCONNECT, 
SocialPicks, 
NewAcademy, 
The College Group Web Publishing, 
AlphaNation



Employee

The Advisory Board Company, 
Oxford Analytica



Investor

 



Syndicator

 



Incubator

 



Advisor

 



Attorney

 



Board Member

 



Mentor

 



Member

 



Acquired

 



Customer

 "
"
Omid Jahanbin
",http://www.linkedin.com/in/omidj/,"
Javascript
Ruby on Rails
PHP MySQL HTML5 CSS3
User Experience Design
Sales and Marketing
Business Strategy
Entrepreneurship
Go to Market Strategy
",University of Maryland...,"Founder

Rennzer



Employee

Tribeca Venture Partners, 
Flat World Knowledge, 
Valhalla Partners, 
Blackboard



Investor

 



Syndicator

 



Incubator

 



Advisor

 



Attorney

 



Board Member

 



Mentor

 



Member

 



Acquired

 



Customer

 "
"
Nicholas Sedlet
",http://www.linkedin.com/pub/nicholas-sedlet/36/454/a1a,"
Physics
Ruby on Rails
Kung Fu
Soccer
",Yale University,"Founder

HireArt



Employee

Goldman Sachs



Investor

 



Syndicator

 



Incubator

 



Advisor

 



Attorney

 



Board Member

 



Mentor

 



Member

 



Acquired

 



Customer

 "
"
Justin Ip
",http://www.linkedin.com/in/justinip,"
Ruby
iPhone
Product Management
Agile Project Management
Product Testing
Team Building
Recruiting
SEO/SEM
Growth Hacking
Growth Strategy and Execution
Ruby on Rails
Opscode Chef
Amazon Web Services
SQL
Javascript
Ember.js
",Duke University '02,"Founder

Kick Health



Employee

AllTrails, 
Afar.com



Investor

 



Syndicator

 



Incubator

 



Advisor

SNOBSWAP, 
LeanLaunchLab



Attorney

 



Board Member

 



Mentor

 



Member

 



Acquired

 



Customer

 "
"
Will Potter
",http://www.linkedin.com/in/wspotter,"
Ruby on Rails
Javascript
Java
HTML5 & CSS3
C
Python
Adobe Creative Suite
Negotiation
Geographic Information System (GIS)
Cartography
Data Visualization
Strategic Planning
",Middlebury College,"Founder

Strabo



Employee

Twitter, 
Barrett Technology, 
Robotnik Automation



Investor

 



Syndicator

 



Incubator

 



Advisor

 



Attorney

 



Board Member

 



Mentor

 



Member

 



Acquired

 



Customer

 "
"
Matthew Palen
",https://www.linkedin.com/profile/view?id=30407226,"
Python
Java
C++
jQuery
HTML5 & CSS3
R
Django
E-Commerce
Trading
Trading Systems
Financial Modeling
Ruby on Rails
Amazon Web Services
Android
C#
Javascript
",University of Virginia...,"Founder

CoderLoan



Employee

JPMorgan Chase, 
Primatics Financial, 
Two Rivers Trading Group



Investor

 



Syndicator

 



Incubator

 



Advisor

 



Attorney

 



Board Member

 



Mentor

 



Member

 



Acquired

 



Customer

 "
"
Julia Lovett
",http://www.linkedin.com/lovettlovett,"
Product Management
Product Marketing
Email Marketing
Project Management
HTML
Campaign Management
Ruby on Rails
Javascript
PostgreSQL
",Georgetown University '11,"Founder

 



Employee

LivingSocial, 
General Assembly, 
LivingSocial, Inc.



Investor

 



Syndicator

 



Incubator

 



Advisor

 



Attorney

 



Board Member

 



Mentor

 



Member

 



Acquired

 



Customer

 "
"
Joel Parker Henderson
",http://www.linkedin.com/in/joelparkerhenderson,"
Ruby
HTML
CSS
Linux
Apache
MySQL
PostgreSQL
Perl
LAMP
Java
Javascript
AJAX
REST
JSON
XML
Mvc
Git
C
C++
Agile
SCRUM
Kanban
Ruby on Rails
Sass
Haml
TDD
jQuery
Rspec
Selenium
Android
Memcached
Continuous Integration
Ubuntu
Amazon EC2
",Brown University,"Founder

Office.com, 
Kids.com, 
School.Net, 
SixArm, 
Virtual Office, 
Educational Online Sources, 
SHOP.COM



Employee

Boxbee, 
Handle, 
Sun Microsystems, 
University of California, 
UC Berkeley, 
BlueOtter, 
WestEd, 
NetDynamics



Investor

 



Syndicator

 



Incubator

 



Advisor

 



Attorney

 



Board Member

 



Mentor

 



Member

 



Acquired

 



Customer

 "
